,Unnamed: 0,Title,City,MinSalary,MaxSalary,company,Date,Expirience,Employment,Work_schedule,Descriptions,Duties,Requirements,Terms,Key_skills,Days
0,0,IT Специалист,Новосибирск,60000.0,100000.0,профнорд,2021-01-15T13:00:11+0300,От 1 года до 3 лет,Частичная занятость,Гибкий график, ,"   работа на площадках по поиску исполнителей в сфере айти технологий   общение с исполнителями, контроль их работы   общение с Заказчиком   ",   опыт работы в этой сфере не менее одного года   ,"   работа в офисе на полный день 5/2, возможна частичная удаленка   зп на подъем после качественного выполнения проекта   ", Деловое общение; Навыки межличностного общения;,0
1,1,HR manager,Новосибирск,40000.0,60000.0,Matryoshka Games,2021-01-14T07:13:21+0300,От 1 года до 3 лет,Полная занятость,Полный день,"  Matryoshka Games -  разработчик казуальных мобильных игр. Наш коллектив - более шестидесяти увлеченных разработкой игр профессионалов. Команда работает удаленно и из офисов Новосибирска, Академгородка, Санкт-Петербурга. Мы стремимся создавать проекты высокого качества, которые будут радовать миллионы игроков по всему миру. ",,," Подробнее о компании, проектах вы можете узнать из наших  социальных сетей : Instagram, VK и Facebook. ", IT Recruitment; Gamedev;,0
2,2,Project manager,Новосибирск,60000.0,126000.0,i'way,2021-01-13T13:37:09+0300,От 1 года до 3 лет,Полная занятость,Полный день," Мы организуем трансферы в 120 странах мира. С нашим участием проходят крупнейшие события в России и за рубежом, в т.ч. Олимпиада в Сочи, чемпионат мира по футболу в России и многие другие! ",,,, Клиентоориентированность; Деловая коммуникация; Административное управление; Ведение переговоров; Пользователь ПК; Английский язык; Управление проектами; Деловое общение; Ориентация на результат; Agile Project Management; Scrum;,0
3,3,IT Директор,Новосибирск,150000.0,,Родные масла,2021-01-14T13:30:31+0300,От 1 года до 3 лет,Полная занятость,Полный день,"  Федеральная компания ""Родные масла""  - один из лидеров в сегменте продаж масел, смазок и расходных деталей автомобиля. Наши магазины и сервисы помогают клиентам заботится об автомобилях, в таких городах, как: Новосибирск, Красноярск, Барнаул, Томск, Новокузнецк, Омск и др. ",,,, Управление проектами; Управление персоналом; Подбор персонала; Управление командой; 1С: Розница;,0
4,4,Стажер IT,Новосибирск,,,Маркетика,2021-01-13T06:41:17+0300,Нет опыта,Стажировка,Полный день," Мы делаем интересные digital-проекты для бизнеса и государства: разрабатываем сайты и CRM, делаем интеграции, занимаемся интернет-продвижением и управлением репутацией. ",,,   трудоустройство по ТК РФ   текущие компетенции определяются по результатам выполнения тестового задания   , Интернет-реклама; Управление проектами; Управление интернет-проектами; Google Analytics; CRM;,0
5,5,IT-рекрутер,Новосибирск,60000.0,150000.0,КонсалтПро,2021-01-12T14:19:41+0300,От 1 года до 3 лет,Полная занятость,Удаленная работа,"   Консалтинговая компания в связи с расширением приглашает в команду удалённого специалиста по подбору IT персонала. Мы работает с различными продуктовыми и аутсорсинговыми IT-компаниями, ищем для них самых талантливых и экспертных специалистов различного уровня.   ",,,"   Удаленная работа;   Полный рабочий день (время работы обсуждается) ;   Средний доход 60 000-80 000 руб. Уровень заработка опытного специалиста 100 000-150000 руб.;   Интересные проекты в разных направлениях ;   Сдельная оплата 4 раза в месяц ;   Отсутствие границ по заработку ;   Телефония предоставляется   Корпоративные базы для поиска специалистов   Участие в корпоративных мероприятиях, тренингах ;   Возможность карьерного и профессионального роста ;   ", Подбор персонала; Рекрутмент; Работа в команде; Телефонные переговоры; Skype; Оценка кандидатов; Прямой поиск; Телефонное интервью; Ориентация на клиента; Многозадачность; Гибкость;,0
6,6,Sales manager,Новосибирск,40000.0,73333.0,Mace Loyalty,2021-01-13T14:47:18+0300,Нет опыта,Полная занятость,Удаленная работа," Mace Loyalty - это новый подход к системам лояльности. Мы помогаем бизнесу сделать их собственный карты лояльности и добавить их в телефон клиенту (Apple Wallet и Google Pay). Больше никакого пластика, карта всегда под рукой, а бизнес получает бесплатный канал отправки push сообщений и другие плюшки чтобы расти. Нас уже выбирают самые разные бизнесы в России и тебе предстоит сделать так, чтобы их становилось всё больше и больше. ",,,, Телефонные переговоры; Грамотная речь; Навыки продаж; Навыки презентации; Мотивация; Навыки переговоров; Информационные технологии;,0
7,7,IT-рекрутер,Новосибирск,47500.0,103750.0,Wellink,2021-01-13T15:46:31+0300,От 3 до 6 лет,Полная занятость,Удаленная работа,  Веллинк – ведущий российский разработчик программного обеспечения.  ,,  Ждем от вас:  ,, Подбор персонала; Оценка кандидатов; Адаптация персонала; Прямой поиск; IT Recruitment; Recruitment;,0
8,8,Project manager,Новосибирск,66666.0,126000.0,Ребреин,2021-01-15T10:39:29+0300,Нет опыта,Частичная занятость,Удаленная работа," Rebrainme.com - онлайн практикумы для специалистов по IT инфраструктуре. Более 2 000 человек проходят наши программы, мы готовим профессиональных инженеров и являемся одним из крупнейших сообществ в СНГ.  ",     Ведение проектов по производству новых образовательных программ REBRAIN       Планирование и распределение задач по проектам       Руководство командами разработки практикумов       Еженедельные и ежедневные встречи / Ретроспектива       Подготовка отчетов для старта и завершения проектов       Разработка Road Map проектов     ,,"   Работа в стабильной компании, команда небольшая, но вообще нет текучки   Гибкий график работы (Удаленка на Part-time)   Прозрачная система расчета заработной платы ( Обсуждается на собеседовании)   Выплата зп по ТК РФ, 2 раза в месяц   ", Product Management; Разработка технических заданий; Работа в команде; Постановка задач разработчикам;,0
9,9,IT-рекрутер,Новосибирск,47500.0,103750.0,"EPAM Systems, Inc.",2021-01-13T12:47:53+0300,От 1 года до 3 лет,Полная занятость,Удаленная работа, We are currently looking for  remote IT Recruiters  with 1+ years of experience as an IT researcher or recruiter to join our TA team on a freelance basis. ,,,, Управление талантами;,0
10,10,Product manager,Новосибирск,30000.0,100000.0,Айтиова,2021-01-13T10:12:32+0300,От 1 года до 3 лет,Частичная занятость,Удаленная работа, ,   Выполнение плана продаж   Консультирование клиентов   Заключение договоров   Контроль оплат по счетам   Поиск клиентов   ,   Поставленная речь   Коммуникабельность.   Знание теории продаж.   Целеустремленность.   Организованность.   Красноречие.   Настойчивость.   Аналитическое мышление.   Обаяние.   Стрессоустойчивость.   ,"   20% с продаж,   Испытательный срок 30 дней, после положительного прохождение испытательного срока, оклад + 15% с продаж.   ", Заключение договоров; Поиск и привлечение клиентов; Пользователь ПК; Консультирование; Навыки продаж;,0
11,11,IT-рекрутер,Новосибирск,15000.0,50000.0,Львова Елена Олеговна,2021-01-03T18:53:47+0300,Нет опыта,Полная занятость,Удаленная работа," Формат работы: удаленная, 5/2 (8 часов) Заработная плата: 15.000 р + бонусы Обучение: 2 недели (не оплачивается) ",   поиск специалистов;   заполнение баз данных;   первичный контакт с кандидатом.   ,,   удаленная работа;   наставничество опытных специалистов;   погружение в сферу IT-Recruiting.   , Работа с базами данных; 1С: Управление персоналом; MS Access; Recruitment; Рекрутмент; Аналитическое мышление; Высокая скорость печати; Умение планировать; IT Recruitment;,0
12,12,Project manager,Новосибирск,66666.0,126000.0,Агророс банк,2020-12-17T18:21:21+0300,От 3 до 6 лет,Полная занятость,Полный день," В связи с динамичным развитием банка и ростом команды IT-специалистов, открываем вакансию Project Manager по IT-проектам с перспективой профессионального развития. ",   Организация эффективного взаимодействия IT-подразделения с бизнес-пользователями и руководством банка в рамках решения общих IT-задач.   Управление IT-проектами и другими бизнес-проектами с IT –разработкой.   Выстраивание процесса по переходу на современные технологии (IT-решения) и поддержка уровня технологичности банка.   ,,, Стратегическое мышление; Системное мышление; Проектный менеджмент; Расстановка приоритетов; Управление процессами; Моделирование бизнес процессов; Оптимизация бизнес-процессов; Организаторские навыки; Коммуникабельность; Работа в команде;,0
13,13,IT Инженер,Новосибирск,,,Ventra,2020-12-09T14:14:10+0300,Нет опыта,Частичная занятость,Гибкий график, Выездной инженер IT-поддержки ,"   Установка ПО (предоставляется заказчиком)   Подключение офисной техники и ПК   Диагностика и легкий ремонт офисной техники и ПК   Настройка Интернет, WiFi   Монтаж СКС (стоимость услуг согласуется с инженером)   Возможны легкие работы с серверным и сетевым оборудованием, в этом случае Заказчик предоставляет инструкции по необходимым действиям.   Возможны редкие ночные смены(оплачиваются отдельно)   ",,"   Порядок взаимодействия при появлении заявки на выезд предполагается следующий:   Координатор Ventra IT связывается с Вами, описывает суть возникшей проблемы, называет адрес заказчика и желаемое время выполнения запроса (время решения может изменяться от 6 часов до следующего рабочего дня).   Вы принимаете решение, можете ли Вы выполнить заявку в срок.   При положительном решении Вам на e-mail направляются детали этого запроса, контакты ответственных на объекте и прочая информация.   При отрицательном решении мы предлагаем решение этой заявки другим инженерам, никаких штрафов или прочих мер в этом случае не предусмотрено.   Прибыв на объект, Вы выполняете работы в соответствии с предоставленной Вам Координатором Ventra IT инструкциями.   После завершения работ Вы подписываете у представителя заказчика на объекте документ, подтверждающий выполнение работ и количество времени, проведенного на объекте («Сервисный лист»), который Вы должны отсканировать и направить на e-mail Координатору Ventra IT.   После получения сервисного листа Ventra IT перечисляет Вам вознаграждение в соответствии с Сервисным листом.   Среднее количество выездов – 3-5 раз в неделю. Оплата на карту либо счет поступает в течение 3 дней после получения Сервисного листа.   В случае положительного решения, с Вами будет заключен договор ГПХ (гражданско-правового характера) на оказание услуг. Оформление происходит в соответствии с законодательством РФ.   ", Ремонт ПК; Настройка сетевых подключений; Офисная техника; Техническое обслуживание; Пользователь ПК; Настройка ПО; Настройка ПК; проектирование СКС;,0
14,14,IT-рекрутер,Новосибирск,47500.0,103750.0,4people,2020-12-11T11:49:23+0300,От 1 года до 3 лет,Полная занятость,Полный день,"   Наша компания открывает набор IT-специалистов в г. Новосибирск, в связи с этим, ищем активного, нацеленного на результат IT рекрутера, с релевантным опытом.     Будем рады видеть в нашей команде специалиста, которому предстоит заниматься :  ",,,, Работа в команде; Умение работать в команде; Собеседование; Прямой поиск; Управление временем;,0
15,15,IT Аналитик,Новосибирск,40000.0,40000.0,РТ МИС,2021-01-11T09:22:47+0300,От 1 года до 3 лет,Полная занятость,Полный день,"  «РТ МИС» - ведущая IT-компания по цифровизации здравоохранения страны! Разработанные нами решения облегчают работу большинству врачей в нашей стране. Мы ищем профессионалов, способных мыслить глобально и создавать тренды. У тебя есть шанс вписать свое имя в историю цифровизации здравоохранения страны!  ",,  Что   ты   уже   умеешь:  ,,,0
16,16,Project manager,Новосибирск,60000.0,120000.0,АйТи Мегастар,2020-12-27T14:11:09+0300,От 1 года до 3 лет,Полная занятость,Полный день,  О нас:  ,,"   В случае, если мы не ответили Вам в течение 14 календарных дней, значит мы пока не можем предложить Вам дальнейшее взаимодействие и сотрудничество. Но! Мы сохраняем отклик на перспективу, на будущие проекты.   ",, Account Management; Analysis; Project management;,0
17,17,IT-рекрутер,Новосибирск,47500.0,103750.0,МобайлДевелопмент (IceRock Development),2020-12-14T06:26:14+0300,От 1 года до 3 лет,Полная занятость,Гибкий график," Мы - команда  IceRock Development,  мы занимаемся мобильной и веб разработкой для российских и зарубежных проектов. У нас за плечами хороший опыт и экспертиза в kotlin multiplatаfrom и желание продвигать эту технологию в массы. Мы ценим профессионализм наших сотрудников, стремимся к развитию и любим нашу команду. Сейчас мы в поисках IT-recruiter в нашу команду. Если ты любишь рекрутинг, получаешь удовольствие от поиска лучших специалистов и ценишь высокие результаты, то пожалуй, нам стоит познакомиться. ",,"   Опыт IT рекрутмента от 1 года;   Владение различными методиками поиска и подбора персонала;.   Желание развиваться в сфере управления персоналом;   Любовь и интерес к IT-сфере;   Стрессоустойчивость, позитивное мышление, аккуратность, внимательность, нацеленность на результат.   ",   Возможность профессионального развития и карьерного роста;   Официальное трудоустройство;   Можно работать удаленно или в офисе в самом центре Новосибирска.   , Рекрутмент; Подбор персонала; Управление персоналом; Обучение и развитие; Работа в команде;,0
18,18,Project manager,Новосибирск,60000.0,150000.0,Промышленная маркировка,2021-01-14T10:10:20+0300,От 3 до 6 лет,Полная занятость,Гибкий график," Компания ""Промышленная маркировка"" является частью международного холдинга Markem Image в области маркировки и кодировки товара. Уже 17 лет наша компания является надежным поставщиком крупным производителям Сибири и Дальнего Востока качественных и инновационных устройств для промышленной маркировки: каплеструйных, термотрансферных, принтеров-аппликаторов и лазерных систем печати и оригинальных расходных материалов. Наша компания производит полный цикл работ: продажа, запуск линий, обслуживание гарантийное и постгарантийное. Требуется Руководитель IT- проектов Для написания и адаптации программного обеспечения на маркировочном оборудовании Ваша задача находить решение в нестандартных ситуациях Работа не совсем простая но очень интересная. ",,"   Разработка программ для промышленного комплекса, высокое быстродействие систем, архивация и обработка данных.   Написание программ с нуля для управления производством   Написание программ для управления маркировочным оборудованием на производстве   адаптация программного обеспечения с линиями производства и маркировочного оборудования.   написание протоколов связи 1С Предприятие с маркировочным оборудованием   Работа с , SQL сервер, C#   Работа с ERP Системами   Знание технического английского будет Вашим преимуществом.   Изучение , применение в проектах методических рекомендаций и федеральных законов   Управление отделом программистов   Управление АСУ ТП   ",   Официальное трудоустройство   Заработная плата: оклад + % с реализации проекта по результатам собеседования.   Краткосрочные командировки по РФ на пусконаладочные работы программного обеспечения.   Официальное трудоустройство или как фрилансер удаленно мы готовы заключить договор на взаимовыгодных условиях.   ,,0
19,19,IT Аналитик,Новосибирск,40000.0,40000.0,РТ МИС,2021-01-13T09:42:50+0300,От 1 года до 3 лет,Полная занятость,Полный день,"  «РТ МИС» - ведущая IT-компания по цифровизации здравоохранения страны! Разработанные нами решения облегчают работу большинству врачей в нашей стране. Мы ищем профессионалов, способных мыслить глобально и создавать тренды. У тебя есть шанс вписать свое имя в историю цифровизации здравоохранения страны!  ",,  Что   ты   уже   умеешь:  ,,,0
20,20,IT Инженер,Новосибирск,,,МКК 4финанс,2021-01-14T06:59:11+0300,От 3 до 6 лет,Полная занятость,Полный день," Привет! Мы – амбициозная, дружная и активная команда, которая работает над современным финансовым сервисом для стран Юго-Восточной Азии. ",,"   Опыт работы в QA от 5 лет;   Знание основ ООП   Умение ответственно относиться к своей работе, самостоятельность, въедливость, скрупулезность;   Хорошее понимание веб-технологий, мобайла и того, как это все работает: фронтенд, бекенд, браузеры, API, etc;   Опыт написания автотестов предпочтительно на С# (но не критично);   Знание и опыт практического применения техник тест дизайна;   Опыт тестирования API с использованием Postman или аналогов;   Опыт работы с Jira, MS SQL, TestRail (или аналоги), Apium   Опыт работы в финтех проектах, стартапах, CRM системах будет плюсом;   Опыт удаленной работы.   ",, Atlassian Jira; Test case; SQL; Функциональное тестирование; MS SQL;,0
21,21,Project manager,Новосибирск,66666.0,200000.0,Metacommerce,2021-01-14T09:21:06+0300,От 3 до 6 лет,Полная занятость,Гибкий график,  Кто мы?   ,,,, Проектный менеджмент; Менеджмент; Product Development; Agile Project Management; Scrum;,0
22,22,Project manager,Новосибирск,66666.0,126000.0,Финансовые Информационные Системы,2021-01-15T12:39:13+0300,От 1 года до 3 лет,Полная занятость,Полный день," Мы занимаемся разработкой и внедрением систем, автоматизирующих бизнес-процессы заказчика на базе конструктора Case Platform. ",,,, MS Project; Atlassian Jira;,0
23,23,Sales manager,Новосибирск,60000.0,120000.0,ОпенСервис,2021-01-15T11:42:58+0300,От 1 года до 3 лет,Полная занятость,Полный день, Привет! ,,,"   фиксированный оклад (с возможностью увеличения с ростом грейда) + % от маржи + дополнительные бонусы от продаж (наши новые сотрудники находят клиентов и продают даже в первый месяц работы);   график работы — с 9.00 до 18:00, 5/2 (сб, вс — выходные);   территориально - ул. Советская, дом 64, офис 613а;   у нас действительно есть возможности для роста: мы планируем развивать новые территории и регионы, все руководители выросли внутри компании;   мы много времени уделяем обучению (самому продукту и технике продаж);   возможности для развития и самореализации: внутреннее обучение, ""школа боссов"", частичная компенсация внешнего обучения, корпоративная библиотека;   возможность посещать мероприятия с ресторанным уклоном, тренировать навыки спикера, знакомиться с ведущими рестораторами страны;   если есть хороший уровень английского языка, можно попробовать себя в работе с зарубежными клиентами (мы работаем с Европой, США, ОАЭ...)   работа в молодой и дружной команде, яркие корпоративные мероприятия.   ", Активные продажи; B2B Продажи; IIKO; R-Keeper;,0
24,24,HR manager,Новосибирск,40000.0,150000.0,WIT Recruitment,2021-01-14T15:23:34+0300,От 1 года до 3 лет,Полная занятость,Удаленная работа, В нашу дружную команду кадрового агентства ищем IT рекрутера ,,,, Поиск информации в интернет; IT Recruitment;,0
25,25,Project manager,Новосибирск,80000.0,126000.0,Форвард,2021-01-15T11:08:17+0300,От 1 года до 3 лет,Полная занятость,Полный день," Группа компаний Форвард ищет в свою команду сотрудника, который хочет проявить свои управленческие навыки в успешном бизнесе со своим производством. Рассматриваем кандидатов с успешным опытом работы по найму и умением выстраивать рабочие процессы. ",,,,,0
26,26,Project manager,Новосибирск,66666.0,126000.0,Финансовые Информационные Системы,2021-01-15T11:39:18+0300,От 1 года до 3 лет,Полная занятость,Полный день," Мы занимаемся разработкой и внедрением систем, автоматизирующих бизнес-процессы заказчика на базе конструктора Case Platform. ",,,, Project management; Управление проектами; Управление продуктом; Agile Project Management; Scrum;,0
27,27,Project manager,Новосибирск,66666.0,126000.0,Электронный город (ООО Новотелеком),2021-01-14T15:38:52+0300,От 3 до 6 лет,Полная занятость,Полный день," Мы работаем на новосибирском рынке связи с 2003 года и являемся самым крупным оператором связи в Новосибирске с охватом 93% территории города и более 400 тысячами абонентов, которым доступен широкий спектр услуг: от доступа в интернет и IP-телевидения до умного домофона. ",,,,,0
28,28,IT Аналитик,Новосибирск,40000.0,40000.0,ИТС-Сибирь,2021-01-14T06:41:38+0300,От 3 до 6 лет,Полная занятость,Полный день, ,"     Декомпозиция требований заказчика до уровня описания функциональных требований для постановки задач в разработку, контроль выполнения и качества работ, организация и координация членов команды.       Проведение мониторинга, выявление потребности и осуществление сбора требований для составления технического задания.       Самостоятельная подготовка блоков технических заданий с нуля, аналитической документации, презентационных материалов.       Оценка трудозатрат по реализации функции или модуля.       Анализ, моделирование и описание автоматизируемых процессов, участие в проектировании макетов интерфейсов.       Участие в тестировании прототипа разрабатываемого программного обеспечения.       Проведение приемо-сдаточных испытаний совместно с другими специалистами организации     ","     Опыт работы в ИТ-сфере (в качестве аналитика/разработчика/), хороший технический бэкграунд;       Знание и понимание принципов построения информационных систем, архитектуры web и мобильных приложений;       Технологии разметки веб-страниц (HTML, CSS): знание синтаксиса, диагностика ошибок.       Технологии интеграции (веб-сервисы, RESTAPI) (имеет понимание подхода интеграции).       Прототипирование (может создавать нефункциональные прототипы).   Опыт функционального и ручного тестирования системы.     ","     Официальное трудоустройство в соответствии с ТК РФ с первого дня;       Возможность карьерного роста;       График работы: пятидневная рабочая неделя;       Расположение офиса: пос. Восход, Новосибирский район.         ", Разработка ПО; Тестирование; Аналитика; Работа в команде; Информационные технологии; Разработка технических заданий;,0
29,29,IT Директор,Новосибирск,150000.0,,Lime Credit Group,2021-01-15T07:27:31+0300,От 3 до 6 лет,Полная занятость,Полный день,  Lime Credit Group  – международная IT-компания из Сибири. Мы развиваем ряд сервисов в области автоматизации сегмента онлайн-кредитования. ,"   Руководство IT-департаментом (проектные команды разработки, более 100 человек);   Анализ эффективности существующих процессов разработки, выбранных проектных методологий;   Подготовка и реализация планов по оптимизации процессов и увеличению их эффективности;   Формирование кадровой стратегии департамента, принятие и согласование кадровых решений;   Выстраивание продуктивных взаимоотношений между IT и внутренними заказчиками (бизнес);   Определение и закрепление зон ответственности между смежными подразделениями;   Ведение административной функции: бюджетирование, регламентирование и тд.;   Непрерывное развитие IT-департамента: внедрение best practise менеджмента и проектной разработки;   Управление IT-инфраструктурой.   ","   Успешный опыт в аналогичной должности от 2-х лет;   Глубокое понимание процессов продуктовой разработки;   Ответственность;   Инициативность и умение доводить идеи до конца;   Хорошо развитые коммуникативные навыки, умение договариваться с учетом интересов бизнеса;   Навыки управления командой (персоналом). Индивидуальный подход к подчиненным, интерес к людям;   Гибкость и адаптивность.   ",, Реинжиниринг бизнес-процессов; CRM; Бизнес-анализ; Управленческие навыки; Командообразование; Лидерство; Управление эффективностью; Управление процессами;,0
31,31,HR manager,Новосибирск,40000.0,105000.0,Maxima,2021-01-12T12:37:42+0300,От 1 года до 3 лет,Полная занятость,Полный день,"  Меня зовут Мария, я руководитель HR-отдела IT-компании MAXIMA. Моя команда занимается поиском и привлечением талантов, развитием и адаптацией сотрудников. Мы не ограничиваемся только hr-процессами, поэтому всегда готовы примерить на себя новую роль, поэкспериментировать ради успешного развития бизнеса.   "," - Поиск IT специалистов с использованием различных источников в IT сфере; - Адаптация, развитие и удержание; - Участие в продвижении HR бренда, внешних мероприятиях и внутренних проектах; - Участие во внутренних HR проектах ",  Обязанности  ," - Оформление по ТК РФ; - Стабильную и достойную заработную плату, соответствующую твоим скиллам; - График работы 5/2 с гибким началом рабочего дня с 08:00 до 10:00; - Приятный релокационный пакет для специалистов из других городов ",,0
32,32,IT Специалист,Новосибирск,45000.0,107500.0,Кадровое агентство ИМПЕРИЯ КАДРОВ,2021-01-13T14:29:05+0300,От 1 года до 3 лет,Полная занятость,Удаленная работа, ,"   Тестирование результатов кастомизации платформы: чек-лист, ключевые бизнес процессы и операции;   Тестирование правильности алгоритма расчета компенсационных планов на сгенерированных данных вручную;   Тестирование данных пользовательского интерфейса и юзабилити;   Тестирование работоспособности новых фич платформы;   ",   QA и ручное тестирование;   Владение основными инструментами тестирования;   Понимание принципов работы современных веб-приложений;   Понимание принципов работы облачных систем;   Понимание основных принципов работы программного обеспечивания;   Умения правильных локализаций багов;   Опыт работы в системах таск-менеджмента;   ,"   5/2 , в офисе г Новосибирск, м. Студенческая или удаленно   Заработная плата от 45 000   оформление по ТК РФ   ", SQL; Тестирование пользовательского интерфейса; MS Visual Studio; Cистемы управления базами данных;,0
33,33,Sales manager,Новосибирск,40000.0,73333.0,Течсейн,2021-01-15T13:05:49+0300,От 1 года до 3 лет,Полная занятость,Полный день," Компания ТЕЧСЕЙН работает в сфере телекоммуникаций с 2016 года и специализируется на реализации комплексных, высокотехнологичных решений для операторов связи. В частности: реализует задачи в области АТС, сетевого и серверного оборудования, систем хранения данных. ",,"   Грамотная устная и письменная речь;     Высшее образование;       Опыт активных B2B/B2G продаж от 1 года (желательно);       Активность, желание развиваться, уверенность в себе, самостоятельность, дисциплинированность и позитивный настрой;       Преимущество соискателям со знанием IT-оборудования.     ",, B2B Продажи; Холодные продажи; Активные продажи; Корпоративные продажи;,0
34,34,Sales manager,Новосибирск,60000.0,73333.0,Тендервин,2021-01-12T15:47:44+0300,От 1 года до 3 лет,Полная занятость,Полный день,  Ты успешен в сфере продаж и готов работать на результат?  ,,,, Холодные продажи; Управление продажами; B2B Продажи; Прямые продажи; Активные продажи; Холодные звонки; Поиск и привлечение клиентов; Развитие ключевых клиентов; CRM; Развитие продаж; Ведение переговоров; Навыки переговоров; Навыки презентации; Корпоративные продажи; Навыки продаж; Грамотная речь; телефонные продажи; B2C продажи; Консультативные продажи; Start-up project; Проведение презентаций; Телефонные переговоры;,0
36,36,Sales manager,Новосибирск,30000.0,70000.0,Бизнес и Технологии,2021-01-13T11:46:44+0300,От 1 года до 3 лет,Полная занятость,Удаленная работа,  В крупную ИТ-компанию открыта вакансия-Менеджер продаж  ,"   Работа с существующими клиентами   Выстраивание долгосрочных взаимовыгодных отношений с новыми клиентами (средний бизнес)   Подготовка КП, заключение договоров, продажа и сопровождение проектов по автоматизации бизнеса   ","   Высшее образование   Опыт работы в продажах услуг от года   Клиентоориентированность, обучаемость, активность   ","   Официальное трудоустройство в штат компании   Комфортный современный офис в центральном районе, возможность работать удаленно   Уровень дохода: 30000+%   Обучение внутри компании (примерно 2 недели)   Возможность профессионального и карьерного роста!   Работа в молодом и дружном коллективе!   ", Активные продажи; Клиентоориентированность; Заключение договоров; Развитие продаж; Пользователь ПК;,0
37,37,Project manager,Новосибирск,80000.0,100000.0,Greenway,2021-01-12T08:14:02+0300,От 3 до 6 лет,Полная занятость,Полный день,"  Для контроля качества исполнения проектов Компании, ищем в свою команду project менеджера.   ",,,, Работа в команде; Scrum; MS Project; Английский язык; Разработка технических заданий;,0
38,38,Project manager,Новосибирск,30000.0,60000.0,Zimalab,2021-01-12T07:09:47+0300,Нет опыта,Полная занятость,Полный день, Ищем кандидата на позицию Junior Project Manager. Интересная и развивающая работа для ответственного человека в сфере IT и знающего английский на уровне Advanced. ,, - Advanced English (письменный + разговорный) ,, Английский язык; Деловая переписка; Управление проектами;,0
39,39,Sales manager,Новосибирск,42833.0,73333.0,Azoft,2021-01-14T06:38:46+0300,От 1 года до 3 лет,Полная занятость,Гибкий график," Почти 18 лет компания Azoft работает на рынке международного IT-аутсорсинга, предоставляя услуги разработки компьютерного и мобильного ПО для компаний по всему миру. Наши клиенты - компании из США , Европы, Австралии, России и др. Мы ищем партнера в нашу команду, умеющего видеть возможности и воплощать их в жизнь. ",,,, B2B Продажи; Активные продажи; CRM; Навыки продаж; Поиск и привлечение клиентов; Прямые продажи; Оценка потребностей клиентов;,0
40,40,Project manager,Новосибирск,66666.0,126000.0,Смарт консалтинг,2021-01-14T12:51:51+0300,От 1 года до 3 лет,Полная занятость,Удаленная работа," Вакансия открыта в группе продуктового направления  Digit Государственное управление.  Команда занимается крупными, индивидуальными проектами под Федеральных заказчиков. Сейчас делаем комплексную систему из нескольких больших компонентов: есть внешний портал и ведомственная система, интеграции с ЕПГУ и многими др. системами. Используется функционал разных наших продуктов и дописывается индивидуально под клиента. ",,,, CSS; HTML; Проектирование пользовательских интерфейсов; MS Visio; Управление временем; опыт работы с внешним заказчиком;,0
41,41,Sales manager,Новосибирск,27000.0,30000.0,N1.RU,2021-01-13T11:23:46+0300,От 1 года до 3 лет,Полная занятость,Полный день,  Департамент продаж  - одно из ключевых подразделений в N1.RU! ,,,, CRM; Клиентоориентированность; Интернет-реклама; Пользователь ПК; Консультирование;,0
42,42,другие,Новосибирск,,,Адлайм,2021-01-13T12:55:01+0300,От 1 года до 3 лет,Полная занятость,Удаленная работа," В динамичную IT-компанию с 11 летней историей, в связи с расширением штата сотрудников, требуется оператор колл-центра. Работа полностью удаленная. Мы ищем энергичного, самоорганизованного, позитивного сотрудника, который любит и хочет развиваться в сфере продаж, работать в режиме непрерывного профессионального роста и достичь материального благополучия. ",,,"     Удаленная работа оператором колл-центра это работа из любой точки мира, ты не привязан к месту (нужен только скоростной интернет);       Предоставляем все необходимые инструменты для работы: удаленный доступ к системе, корпоративная почта, IP- телефония;       Заработная плата от 20000 (оклад+%).       Всегда своевременная выплата заработной платы;       Прозрачная система мотивации;       График работы 5/2, 10.00-19.00 или 09.00 - 18.00;       Обучение с наставником;       Современные инструменты для работы (максимальная автоматизация процессов, скрипты звонков). Никакой “ручной” работы;       Возможность карьерного роста;       Адекватное руководство;       Молодой, драйвовый коллектив;       Оперативное решение всех возникающих вопросов;     ", Активные продажи; Холодные продажи; Телефонные переговоры; Пользователь ПК; Администрирование сайтов;,0
43,43,IT manager,Новосибирск,30000.0,30000.0,Productivity Inside,2021-01-12T11:02:46+0300,Нет опыта,Полная занятость,Полный день,"  Productivity Inside  - IT компания, создающая высокотехнологичные продукты. Мы разрабатываем приложения для развлечения, отдыха, работы и творчества, а также сложные и интересные IT решения для улучшения жизни пользователей. Также мы производим игры различных категорий в 2D, 3D графиках, написанные на нативных языках программирования. ",,,, Английский язык; Написание текстов; Локализация продукта; Подбор ключевых слов; ASO; Итальянский язык;,0
44,44,Project manager,Новосибирск,66666.0,126000.0,Лаборатория качества,2021-01-13T18:06:39+0300,От 1 года до 3 лет,Полная занятость,Удаленная работа,"  Одно из направлений деятельности ""Лаборатории Качества"" - профильное обучение специалистов в сфере тестирования ПО. Уже много лет наша компания создает собственные обучающие программы, а также готовит курсы совместно с порталом Software-Testing.ru. Мы не стоим на месте и хотим выйти на новый уровень экспертности в направлении обучения, поэтому прямо сейчас находимся в поиске проактивного и целеустремленного руководителя в наш департамент образовательных технологий и тренингов.  ",,,, Коммуникативные навыки; Дистанционное обучение; Обучение и развитие; Управленческие навыки; Работа в команде; Мотивация персонала; Проведение презентаций; Организация тренингов; Управление проектами;,0
45,45,IT Директор,Новосибирск,150000.0,,Отличные наличные,2021-01-11T05:51:43+0300,Более 6 лет,Полная занятость,Полный день,"  Мы – Микрофинансовая Компания ""Отличные наличные"", растём и развиваемся с февраля 2011 года, за это время выросли до масштаба большой федеральной компании. На сегодняшний день Наша компания представлена более 270 офисами на территории более 100 городов России, в нашей команде больше 1800 сотрудников.   ",,   Образование - высшее профильное   Общий стаж в IT - не менее 7 лет   Опыт управления разработкой – не менее 5 лет   Опыт успешной разработки и внедрения крупного ПО   Знания современных технологий разработки   Знания современных методик управления разработкой   Базовое понимание основных языков разработки   Отличные коммуникационные и организаторские способности   Умение работать с динамически изменяемыми входными данными   ,   Работа в федеральной компании с разветвленной региональной сетью   Достойная заработная плата (обсуждается индивидуально)   Трудовой договор в соответствии с ТК РФ   ,,0
46,46,IT Директор,Новосибирск,150000.0,,МКК Ваш инвестор,2021-01-11T06:06:47+0300,От 1 года до 3 лет,Полная занятость,Полный день," Добрый день, наш будущий коллега, мы команда  ""Ваш Инвестор"" , с 2013 года мы выдаем займы под залог автомобилей и спецтехники. Мы работаем в 14 городах России и это не предел, мы растем и развиваемся. ",,,, Управление проектами; Информационная безопасность; Информационные технологии; Управление персоналом; Клиентоориентированность;,0
47,47,IT-рекрутер,Новосибирск,47500.0,103750.0,2ГИС,2021-01-11T06:34:53+0300,От 1 года до 3 лет,Полная занятость,Полный день,"  § 2ГИС    Международная IT-компания с 20-летним опытом на рынке. Работаем в 1200 городах России, Украины, Казахстана, ОАЭ и ещё в семи странах. Главный офис — в Новосибирске. Здесь работает 1000 человек.​ ",,"   Совокупный опыт в рекрутменте от 3х лет и опыт на позиции старшего/ведущего it-рекрутера не менее 1 года;   Владение инструментами и технологиями сорсинга it-специалистов;   Знания и навыки проведения различных видов интервью;   Опыт работы в качестве наставника/куратора/координатора 2х и более рекрутеров;   Навыки ведения переговоров с позиции win-win;   Готовность к интенсивному темпу работы и режиму многозадачности;   Высокий уровень самостоятельности, проактивности и нацеленности на результат;   Владение навыками HR-аналитики будет большим плюсом.   ",, Подбор персонала; Управление персоналом; Мотивация персонала; Обучение и развитие;,0
48,48,IT manager,Новосибирск,30000.0,30000.0,ГК «ВИЗАВИ Консалт»,2021-01-11T09:31:22+0300,От 1 года до 3 лет,Полная занятость,Полный день, В крупную международную производственную компанию (агро продукция) приглашаем  регионального менеджера   CRM.  ,"   Сбор и аудит маркетинговой информации о рынке АПК России из внешних и внутренних источников: Базы данных о клиентах, BMI   Техническое сопровождение CRM системы Salesforce.com на уровне региона (не It, сопровождение на уровне пользователей)   Координация технической поддержки с CRM менеджерами – получение запросов об ошибках и передача в IS.   Обучение сотрудников работе в CRM системе Salesforce. сom   Поддержка и обновление мастер данных системы Salesforce.com   Подготовка различной аналитики на базе имеющихся данных, выгрузка отчетов и данных для маркетинговых задач, построение прогнозов.   Выполнение задач, поставленных в рамках национальных и региональных кампаний   Ответственность за сегментацию регионального потребительского рынка, тесное сотрудничество с управляющими территориальными подразделениями, территориальными менеджерами и менеджерами по продажам в выборе целевых потребителей и грамотном планировании деятельности   Поддержка региональных маркетинговых мероприятий   ","   Высшее образование (предпочтительней маркетинговое)   Опыт работы с любыми CRM системами в любой сфере бизнеса   владение Excel на уровне excellent !!!   Высокие аналитические способности   Внимание к деталям, ориентация на анализ, качество и процесс   Отличные навыки коммуникации – позиция предусматривает большее время работы с сотрудниками   Высокая обучаемость и возможность обучать   Английский язык (разговорный и письменный) будет преимуществом.   Готовность пройти тестирование на знание Excel   ","   Место работы: Москва, ст.м. Павелецкая, график работы  7.00-16.00 , Новосибирск или Екатеринбург (график работы 9.00 – 18.00)   Оклад (обсуждается индивидуально с успешными кандидатами) + годовой бонус   Компенсация питания   Расширенный оплачиваемый отпуск (35 дней в году)   ДМС + страхование жизни   Участие в пенсионной программе компании   ", Английский язык; CRM; MS PowerPoint; Аналитические исследования; MS Visio;,0
49,49,IT-рекрутер,Новосибирск,47500.0,103750.0,2ГИС,2021-01-11T06:34:58+0300,От 1 года до 3 лет,Полная занятость,Полный день,  § Почему открыта вакансия:  ,,   Законченное высшее образование;   Опыт работы в подборе персонала не менее 1 года;   Умение работать с большим объёмом информации;   Умение самостоятельно организовывать свою работу и быть нацеленным на конечный результат;   Желание развиваться в области управления персонала.   ,, Подбор персонала; Управление персоналом; Работа в команде; Прямой поиск; Рекрутмент;,0
50,50,IT-рекрутер,Новосибирск,60000.0,103750.0,VSEMAYKI.RU,2021-01-09T14:42:47+0300,От 1 года до 3 лет,Полная занятость,Полный день,"  Мы - молодая, динамичная, активная, развивающаяся компания.  ","     подбор IT-специалистов;       лидирование проектов в части адаптации, развития, оценки и мотивации;       организация внутренних и внешних IT-мероприятий;       участие в формировании и укреплении внешнего и внутреннего IT HR-бренда;       выстраивание и развитие сети контактов и поддержание взаимоотношений с ключевыми игроками IT-рынка (networking);       участие в командообразующих мероприятиях;       взаимозаменяемость с коллегами в HR.     ",,   , Подбор персонала; Английский язык; Рекрутмент; Коучинг; Адаптация; Управление талантами; Внутренние коммуникации; Социальные сети; Урегулирование конфликтов; Обучение и развитие; Мотивация персонала;,0
51,51,IT-рекрутер,Новосибирск,47500.0,103750.0,GDC (ICL Services),2021-01-13T16:59:13+0300,От 1 года до 3 лет,Полная занятость,Полный день,"  Мы ищем профессионального ИТ рекрутера, имеющего успешный опыт закрытия вакансий разного уровня в сфере ИТ.   ",,,  Экология и благотворительность  , Подбор персонала; Рекрутмент; Оценка кандидатов; Телефонное интервью; Executive Search; Headhunting; IT Recruitment; Работа с людьми;,0
52,52,Project manager,Новосибирск,70000.0,126000.0,Siberian Wellness,2020-12-30T05:41:56+0300,От 1 года до 3 лет,Полная занятость,Полный день," Мы ищем крутого менеджера IT проектов, связанных с внутренними процессами и продуктами компании. Необходимо организовать работу и ресурсы проектов в указанные сроки. ",,,"   График работы: понедельник-пятница рабочие дни, ненормированный рабочий день.   Постоянный профессиональный рост.   Размер заработной платы определяется по итогам собеседования. Периодический пересмотр заработной платы по итогам работы.   Работа в офисе, возможна частично удаленная работы (2-3 дня в неделю).   ", Управление проектами; Управление командой; Управление качеством; Внутренние коммуникации; Деловая коммуникация; Анализ рисков; Организаторские навыки; Проектный менеджмент;,0
53,53,IT manager,Новосибирск,30000.0,30000.0,Magora Systems,2020-12-30T11:52:24+0300,Нет опыта,Полная занятость,Полный день,"  MAGORA SYSTEMS — аутсорсинговая компания-разработчик программного обеспечения, мобильных и web приложений.  ",,    Идеальный  письменный английский.   ,, Английский язык; Деловая переписка;,0
54,54,Sales manager,Новосибирск,42833.0,73333.0,Magora Systems,2020-12-30T11:55:47+0300,От 1 года до 3 лет,Полная занятость,Полный день,"  Magora Systems  is an aggressively growing company that has been developing turnkey software services to customers in Europe, North America and Australia for the last decade. ",,,, Negotiation skills; Английский язык; Customer Service; Sales Skills; B2B Продажи; Business English; Деловая переписка; Ведение переговоров; Активные продажи; Развитие продаж; Поиск и привлечение клиентов;,0
55,55,Project manager,Новосибирск,40000.0,126000.0,Скиф-Карго,2020-12-28T15:25:36+0300,От 1 года до 3 лет,Полная занятость,Полный день,"  Крупная федеральная транспортно-экспедиционная компания ""Скиф-Карго"", работает на рынке грузоперевозок с 1994 года.  ",   Прием входящих звонков от пользователей;   Консультирование пользователей;   Регистрация и оформление заявок в системе;   Классификация обращений по категориям;   Техническая поддержка пользователей. Обработка обращений пользователей в системе Service Desk. Обслуживание оргтехники.   ,,   Фиксированный оклад;   График работы 5/2 (09:00-18:00);   Официальное оформление по ТК РФ;    Адрес: ул. Толмачевская 43/1 корпус 6.    ,,0
56,56,IT Директор,Новосибирск,150000.0,,Линдекс Сибирь,2020-12-29T06:04:04+0300,От 3 до 6 лет,Полная занятость,Полный день,"  Приглашаем на работу ИТ специалиста с опытом работы   в   к  ачестве  Начальника службы информатизации, Директора IT-департамента либо Директора по IT, который разбирается в технике + знает информационные потоки + оптимизирует потоки увеличивая скорость получения и обращения информации, а также с высокими управленческими, лидерскими качествами, с широким кругозором, уверенность в себе, способность убеждать, способность вдохновлять людей, объединяя их во имя общей цели! ","   Разработка и реализация стратегии компании в сфере цифровой трансформации;   Построение единой и скоординированной IT архитектуры;   Разработка и реализация новых бизнес-процессов;         Обеспечение решений по выбору программных продуктов и оборудования для автоматизации бизнес-задач;       Внедрение - ЭДО , настройка Директума , донастройка интеграции с Диадок, настройка интеграции с 1С;       Сопровождение разработанных и внедрённых программ, разработка инструкций по работе с ними;       Информационная безопасность и управление IT рисками;     Формирование цифровой культуры организации.   ",,   , Администрирование серверов Windows; Управление проектами; Информационные технологии; Оптимизация бизнес-процессов; MySQL; ERP-системы на базе 1С; RPC; PAP; L2TP; ASCII; EBCDIC; Управление цифровой трансформацией;,0
57,57,IT-рекрутер,Новосибирск,47500.0,103750.0,Брокеркредитсервис,2020-12-25T11:17:39+0300,От 1 года до 3 лет,Полная занятость,Полный день," Наша  команда , Финансовая группа БКС, открывает конкурс на позицию Ведущего менеджера по подбору. ",,,   , Информационные технологии; Работа в команде; Рекрутмент; Обучение и развитие; Умение работать в команде;,0
58,58,IT-рекрутер,Новосибирск,47500.0,103750.0,Центр финансовых технологий,2020-12-24T16:57:20+0300,От 1 года до 3 лет,Полная занятость,Полный день," Объявляем конкурс на вакансию Менеджер по подбору персонала/ IT рекрутера в ЦФТ, крупнейшего IT-разработчика в финансовой сфере. ","   размещение объявлений о вакансиях в интернете;   работа в системах (HRMS, Jira, Confluence);   работа с откликами (телефонные собеседования, переписка, организация личных собеседований);   поиск резюме в открытых источниках, соцсетях, IT-сообществах, форумах;   обратная связь кандидатам, организация трудоустройства, сбор рекомендаций на трудоустраиваемых кандидатов;   адаптация новых сотрудников, закрытие испытательных сроков;   самостоятельное закрытие вакансий, работа с бизнес-подразделениями, руководителями;   участие в проектах Блока ""Управление персоналом"" (студенческие программы, оценка персонала и другие).   ","   высшее образование;   опыт работы ресечером/ менеджером по подбору персонала (ИТ или продажи) от 1 года в кадровом агентстве или крупной компании;   опыт проведения собеседований личных и по телефону, сбора рекомендаций;   опыт поиска резюме в профессиональных соцсетях, сообществах и форумах обязателен;   внимательность, инициативность, проактивность;   коммуникабельность, грамотная речь;   позитивный настрой, доброжелательность;   умение работать в режиме многозадачности;   кандидаты без опыта работы в подборе персонала не рассматриваются.   ",,,0
59,59,IT Инженер,Новосибирск,,,Автотрейд,2020-12-23T11:24:32+0300,От 3 до 6 лет,Полная занятость,Полный день, ,"     Развитие и поддержание работоспособности глобальной сети компании.       Настройка, администрирование маршрутизаторов Cisco.       Установка, настройка, администрирование proxy серверов SQUID на базе ОС Linux.       Администрирование программной АТС Asterisk на базе ОС CentOS.       Поддержание в актуальном состоянии базы данных конфигурационных единиц.       Администрирование серверов GITLAB, AWX, DOCKER, ansible.       Развёртывание и администрирование сервиса OpenVPN       Составление технической документации     ","     Знание сетевого стека tcp/ip, DNS, DHCP, NAT, PROXY, основные принципы работы сетевого оборудования, коммутаторов, маршрутизаторов, протоколы динамической маршрутизации (ospf, igrp) , туннели GRE, DMVPN, VPN, IPSEC.       Опыт администрирования активного сетевого оборудования, серверов на базе Linux, Windows, Hyper-V       Опыт администрирования proxy серверов SQUID, маршрутизаторов, коммутаторов предпочтительно Cisco (другие вендоры тоже подойдут)       Знание протокола SIP и опыт работы с softswitch Asterisk приветствуется       Так же приветствуется знание языков python, YAML и написание скриптов на bash.       Стрессоустойчивость, коммуникабельность, инициативность, креативность.     ",   Работа в динамично развивающейся компании   Официальное трудоустройство   Дружный коллектив   Пятидневная рабочая неделя   Своевременная выплата заработной платы (2 раза в месяц и без задержек)   ЗП оговаривается с успешными кандидатами на собеседовании   Компенсация сотовой связи   Частичная оплата питания.   ," Linux; SIP; Python; Git; Perl; Asterisk; L1,L2,L3; TCP/IP; Zabbix; Администрирование сетевого оборудования; Cisco; Hyper-V; VMware;",0
60,60,Project manager,Новосибирск,66666.0,126000.0,Новосибирскэнергосбыт,2020-12-24T08:06:00+0300,От 3 до 6 лет,Полная занятость,Полный день, ,"   Обеспечение бесперебойной работы информационных систем   Мониторинга инфраструктуры и информационных систем   Контроль, участие в составлении технической документации по обслуживаемым информационным системам и инфраструктуре   Контроль поддержания документации по восстановлению информационных систем и инфраструктуре в актуальном состоянии   Взаимодействие с подрядными организациями   Автоматизация ИТ-процессов. Внедрение IaC   Участие в построении DevOps процессов   Взаимодействие с подразделениями по исправлению выявленных ошибок в ИС   Закупка оборудования.   ","   Высшее техническое образование.   Опыт руководства отделом (минимум 3 человека)   Постановка задач, декомпозиция, контроль исполнения   Опыт работы с подрядными организациями   Опыт поддержки систем находящихся в процессе постоянной доработки, взаимодействия с разработчиками.   Знания по администрированию инфраструктурных решений, сетевого и серверного оборудования;   Понимание общих принципов построения Баз Данных. Опыт администрирования MSSQL   Виртуализация VmWare, Proxmox   Понимание современных принципов разработки программного обеспечения, доставки ПО в продакшн.   Работа с облачными ЦОД.   Коммуникабельность, умение корректно общаться с пользователями;   Желание обучаться;      Дополнительно - будет очень круто, если есть опыт:    С Docker, Kubermetes, Gitlab CI/CD     ","   Работа в стабильной и надежной Компании,АО ""Новосибирскэнергосбыт"" - один из крупнейших работодателей г. Новосибирска.   Интересные задачи, возможность профессионального развития.   График работы: 5/2, с 8 до 17 ч. ( пятница - до 16 ч.). сб, вс- выходные;     Место работы: центр города, ул. Орджоникидзе;     Белая з/плата, социальный пакет.   Компенсация за э/энергию;единовременные выплаты при уходе в ежегодный отпуск; вознаграждение за выслугу лет; возмещение за питание ребенка в ДДУ.   ", MS SQL; Linux; Информационные технологии; MS SQL Server; Руководство коллективом; инфомационные системы;,0
61,61,IT Специалист,Новосибирск,70000.0,107500.0,Золото Селигдара,2020-12-24T11:25:32+0300,От 1 года до 3 лет,Полная занятость,Полный день, ,"   Принимать и своевременно исполнять заявки пользователей в рамках деятельности группы сетевого администрирования.   Отслеживать, исполнять и закрывать назначенные ведущему специалисту заявки в системе ServiceDeskPlus.   Участие в контроле за работой сервисных подрядных организаций в области ИТ.   Принимать, проверять, оформлять и заводит в систему 1С ГДП первичные отчетные документы от субподрядчиков по своему направлению деятельности.   Участие в формировании БП на следующий календарный период по своему направлению деятельности.   Вести реестр информационных ресурсов (далее ИС) компании и владельцев информационных ресурсов.   Обеспечивать бесперебойную работу информационных киосков и медицинских шлюзов.   ",   Высшее профессиональное (техническое).   Наличие сертификатов конфигурирования и администрирования оборудования производителей(будет преимуществом).   Умение настраивать сетевое и серверное оборудование win nix.   ,"   АО «Золото Селигдара» предприятие с круглогодичным режимом работы.   Адрес:   Республика Саха (Якутия), г. Алдан, ул. 26 Пикет.   Официальное трудоустройство в соответствии с ТК РФ.   Бессрочный трудовой договор.   ЗП по итогам собеседования.   Метод работы: традиционный, 5-ти дневная рабочая неделя.   Возможность компенсации аренды жилья для иногородних.   Работникам выдается специальная одежда (зимняя/летняя).   Социальный пакет:   Предусмотрены все гарантированные действующим трудовым законодательством РФ льготы и надбавки для работающих в районах Крайнего Севера.   Ежегодный оплачиваемый отпуск –52 календарных дня.   ", Информационные технологии; 1С: Документооборот; Английский язык; Чтение технической литературы; Серверное оборудование;,0
62,62,IT-рекрутер,Новосибирск,50000.0,65000.0,ИнСистем,2020-12-21T09:52:19+0300,От 1 года до 3 лет,Полная занятость,Полный день,  Чем предстоит заниматься:  ,,,, Пользователь ПК; Умение работать в команде; Поиск информации в интернет; Оперативный поиск информации в сети Интернет; Прямой поиск;,0
63,63,IT Аналитик,Новосибирск,40000.0,40000.0,Интеллект-Технологии,2020-12-18T06:41:41+0300,От 3 до 6 лет,Полная занятость,Удаленная работа, Требуется аналитик для долгосрочной и перспективной работы в команде web-разработчиков. ,"   анализ бизнес-процессов в предметной области и согласование с техпроцессами   разработка и доработка проектной документации (от руководства пользователя до маппингов, xml-схем и UML-моделирования)   составление ЧТЗ с доведением до алгоритма/сценария/прототипа (задача  ⇒   изучение отраслевой документации  ⇒  блок-схема  ⇒  UML )   непосредственное участие в тестировании ПО (выявление ошибки  ⇒  задача разработчикам)   участие во внедрении ПО и работа с обращениями пользователей (анализ обращения  ⇒  задача разработчикам)   ","   знание SQL на уровне написания запросов   знание Excel на продвинутом уровне(макросы, функции обработки данных)   высокий уровень ответственности   постоянно на связи   ",   удаленная работа   прием в штат или работа по договору   индивидуальные условия обсуждаемы   , SQL; Анализ бизнес-процессов; Анализ предметной области; XML; Atlassian Jira; MS Excel; Аналитика; Бизнес-анализ; Системный анализ; Базы данных;,0
64,64,HR manager,Новосибирск,40000.0,105000.0,NAN Agency,2020-12-15T08:05:34+0300,От 1 года до 3 лет,Полная занятость,Полный день, Привет! Мы «NANagency» – интегратор IT-решений для Startup и крупных организаций. , Рекрутинг: , • Высшее образование; ,,,0
65,65,IT-рекрутер,Новосибирск,30000.0,103750.0,ВЕЛВЕТЕК Системз,2020-12-17T10:44:39+0300,От 1 года до 3 лет,Полная занятость,Гибкий график,  Velvetech –  это международная компания с 15-летней историей разработки передовых программных и аппаратных продуктов для компаний по всему миру. Компания Velvetech Systems является официальным партнером Microsoft уровня Gold по компетенции Application Development. ,,,, Подбор персонала; Рекрутмент;,0
66,66,Sales manager,Новосибирск,42833.0,73333.0,ANCOR,2020-12-14T21:17:56+0300,От 1 года до 3 лет,Полная занятость,Полный день, , - Выполнение плановых показателей на территории Сибири и Дальнего Востока; ,,," Ведение переговоров; Управление продажами; Поиск и привлечение клиентов; Реализация, внедрение IT-проектов; Внедрение решений;",0
67,67,IT-рекрутер,Новосибирск,70000.0,150000.0,МКК Русинтерфинанс,2020-12-16T12:15:28+0300,От 3 до 6 лет,Полная занятость,Полный день, Привет! ,,,, Подбор персонала; Прямой поиск; Оценка кандидатов; Аналитические способности; Адаптация персонала;,0
68,68,Ресечер,Новосибирск,,,ОТР,2020-12-11T09:26:56+0300,От 1 года до 3 лет,Полная занятость,Удаленная работа,"  Компания ОТР  («Организационно-Технологические Решения 2000») – одна из крупнейших ИТ-компаний России, входящая в Топ-10 рейтинга CNews Analytics «Крупнейшие поставщики ИТ-решений для госсектора 2019». ","   Поиск резюме IT специалистов во всех доступных интернет- источниках (в том числе рабочие сайты и мессенджеры -hh, linkedin, telegram);   Общение с соискателями (переписка, проведение телефонных интервью)   Наполнение и поддержание базы кандидатов в актуальном состоянии   Ведение отчётности   ","   Опыт работы ресечером/рекрутером в ИТ от 1 года   Знание boolean и xray запросов   Умение работать в режиме многозадачности   Коммуникабельность, нацеленность на результат   ",,,0
69,69,Project manager,Новосибирск,120000.0,126000.0,Первый Бит,2020-12-08T19:03:25+0300,Нет опыта,Полная занятость,Полный день,  Первый Бит  - международный интегратор эффективных ИТ-решений. ,,"   быть Амбициозным ""Если быть, то быть Первым!"".   быть профессионалом или прикладывающим максимум усилий по тому, чтобы стать профессионалом ""Если быть, то быть Лучшим"".   получать удовольствие от того, что Клиенту получает ценность от нашей работы ""Если быть, то быть Нужным"".   быть честным, открытым, гибким ""Если быть, то быть Настоящим"".   ",,,0
